<?xml version="1.0" encoding="UTF-8" standalone="yes"?>
<addon id="plugin.video.stroom" name="stroom" version="1.0.1" provider-name="stroombox.com">
  <requires>
    <import addon="xbmc.python" version="2.1.0"/>
  </requires>
  <extension point="xbmc.python.pluginsource" library="default.py">
        <provides>video executable</provides>
  </extension>
  <extension point="xbmc.addon.metadata">
    <summary lang="en">Stroombox Wizard</summary>
    <description lang="en">Easy Installation to stay up to date with Stroombox</description>
    <platform>all</platform>
  </extension>
</addon>
